longitude,latitude,sar_value,ndvi_value,ndci_value,wqi_value
-76.205249,38.277444,0.7482,0.1865,0.1935,0.2897
-76.460716,38.156988,0.3117,0.0987,-0.165,0.8886
-76.250301,38.094479,0.4376,0.0972,0.4566,0.3527
-76.119695,38.726806,0.6891,0.1692,0.0203,0.7613
-76.171293,38.43925,0.5411,0.2503,0.5439,0.3267
-76.159388,38.453026,0.1204,0.249,0.3327,0.6005
-76.3971,38.234101,0.6064,0.1481,0.0869,0.7256
-76.362282,38.263431,0.7274,0.1691,0.3118,0.7404
-76.020807,38.45626,0.1588,0.1833,0.3161,0.8129
-76.103456,38.618366,0.7272,0.2058,0.3793,0.6546
-76.076007,38.709556,0.651,0.1638,0.4416,0.4354
-76.470403,38.315482,0.868,0.1563,-0.0264,0.7657
-76.153671,38.928043,0.1097,0.0806,0.2054,0.7231
-76.021693,38.68212,0.7716,0.154,0.4676,0.6573
-76.276751,38.841662,0.24,0.1286,-0.1708,0.2258
-76.314926,38.790174,0.5088,0.1513,0.5012,0.4135
-76.072864,38.115322,0.5428,0.0882,-0.0111,0.7703
-76.326722,38.38216,0.4633,0.2297,0.528,0.2384
-76.006342,38.738789,0.1056,0.1294,0.1684,0.6833
-76.027368,38.625183,0.5536,0.1723,-0.2496,0.5422
-76.447306,38.497934,0.8654,0.2013,0.2707,0.2561
-76.230401,38.93761,0.6557,0.081,0.3679,0.4901
-76.195347,38.432704,0.5591,0.2567,-0.1095,0.5064
-76.267567,38.404824,0.2191,0.2516,0.4474,0.5807
-76.056669,38.78188,0.755,0.1291,-0.1058,0.5753
-76.497395,38.803461,0.8935,0.1042,0.3333,0.7942
-76.034299,38.230953,0.3039,0.1276,-0.2211,0.4958
-76.147806,38.34348,0.7012,0.2065,0.0377,0.4855
-76.172402,38.745798,0.3803,0.1711,-0.1426,0.5914
-76.266707,38.842457,0.5268,0.1286,0.2153,0.7555
-76.220664,38.709931,0.4059,0.194,0.0981,0.431
-76.229059,38.304679,0.8983,0.2018,0.5656,0.8726
-76.497156,38.533678,0.4589,0.1753,-0.0953,0.6541
-76.10762,38.536668,0.654,0.2265,0.0785,0.534
-76.187524,38.01392,0.2088,0.055,-0.097,0.6349
-76.129143,38.618578,0.7342,0.2153,0.3643,0.2421
-76.365471,38.816001,0.4902,0.1318,0.5208,0.259
-76.477419,38.918519,0.8454,0.0618,0.4851,0.2777
-76.01974,38.687512,0.126,0.1515,-0.0301,0.7193
-76.39837,38.884341,0.3325,0.094,-0.2926,0.4826
-76.343594,38.337791,0.369,0.2064,0.4503,0.4536
-76.056269,38.159621,0.3046,0.1042,-0.0352,0.807
-76.453485,38.325241,0.4786,0.1659,-0.1905,0.7791
-76.060218,38.908462,0.7322,0.0748,0.5513,0.5665
-76.246396,38.950696,0.4361,0.0746,0.1048,0.6193
-76.0675,38.260368,0.3052,0.1494,0.3257,0.6298
-76.356325,38.445277,0.7134,0.2402,0.1203,0.5369
-76.191873,38.274594,0.8258,0.1836,-0.2823,0.645
-76.457367,38.598739,0.6604,0.1852,-0.0314,0.4672
-76.376885,38.995278,0.717,0.0444,0.3922,0.4984
-76.479002,38.903138,0.511,0.0682,0.1346,0.8926
-76.470081,38.723267,0.625,0.1432,0.2804,0.3054
-76.183512,38.236967,0.7876,0.1643,-0.138,0.7902
-76.340324,38.628181,0.8056,0.2216,0.2314,0.2045
-76.359493,38.406914,0.2336,0.2281,-0.1711,0.8742
-76.305598,38.140715,0.833,0.1182,0.3854,0.8563
-76.393724,38.685352,0.5959,0.1827,0.1944,0.5037
-76.45362,38.939536,0.5585,0.0578,0.2576,0.8044
-76.494018,38.262407,0.6009,0.1297,-0.1109,0.6485
-76.269135,38.958502,0.6295,0.0705,0.297,0.2647
-76.488378,38.59469,0.1521,0.1718,-0.158,0.7168
-76.0999,38.441489,0.2394,0.2194,0.0861,0.3467
-76.174568,38.050443,0.7372,0.0721,0.1812,0.2404
-76.398261,38.556625,0.6543,0.2206,0.1891,0.3775
-76.122194,38.760212,0.1761,0.155,0.4942,0.8084
-76.116927,38.272484,0.5962,0.1682,-0.0329,0.8804
-76.453265,38.20783,0.6443,0.122,-0.151,0.3663
-76.226901,38.670683,0.4552,0.2139,0.0543,0.3247
-76.480069,38.08469,0.3155,0.0626,0.4915,0.4321
-76.24414,38.363977,0.5138,0.2319,0.1386,0.7624
-76.281191,38.063748,0.8173,0.0813,-0.2217,0.5786
-76.245131,38.65363,0.306,0.2231,0.0817,0.8977
-76.383915,38.332027,0.5068,0.1926,0.3681,0.3848
-76.043579,38.396867,0.477,0.1846,0.3205,0.7111
-76.107413,38.94658,0.4952,0.0656,0.5855,0.4333
-76.147154,38.144005,0.5319,0.1147,0.1441,0.7664
-76.373031,38.339911,0.1807,0.199,0.1243,0.4424
-76.008391,38.107778,0.7572,0.0697,0.0827,0.861
-76.485569,38.276028,0.7932,0.1375,-0.0957,0.2841
-76.174349,38.002786,0.2952,0.0485,0.4157,0.7855
-76.343151,38.536469,0.1008,0.25,-0.1401,0.5896
-76.38862,38.140947,0.3734,0.1076,0.5638,0.8602
-76.078378,38.201039,0.3238,0.1276,-0.1154,0.4367
-76.361029,38.896443,0.5632,0.0942,-0.0682,0.7359
-76.356468,38.488415,0.5036,0.2465,-0.073,0.2796
-76.417425,38.826916,0.2974,0.1164,0.4681,0.6219
-76.05802,38.826196,0.6091,0.1108,0.5876,0.6599
-76.387823,38.452334,0.1414,0.2271,-0.2078,0.2112
-76.399367,38.868205,0.5593,0.1013,-0.1375,0.2448
-76.446812,38.099334,0.7203,0.0768,-0.0896,0.3649
-76.404183,38.331873,0.3901,0.1859,0.4006,0.6436
-76.047671,38.456146,0.3403,0.1965,0.3517,0.5968
-76.157879,38.242329,0.4259,0.1632,-0.0219,0.4888
-76.028484,38.026753,0.3722,0.0387,0.2828,0.5403
-76.457435,38.210887,0.307,0.1221,0.1632,0.6124
-76.361452,38.295683,0.7081,0.1836,-0.0066,0.7292
-76.003604,38.59102,0.5032,0.1687,0.4095,0.7962
-76.418237,38.559346,0.158,0.2108,0.5841,0.3566
-76.160403,38.122762,0.2037,0.1061,0.3233,0.3611
-76.426028,38.917,0.4015,0.0737,-0.1378,0.777
-76.225948,38.60106,0.8484,0.2481,0.3231,0.4529
-76.282683,38.861659,0.5069,0.1184,0.3476,0.3663
-76.11566,38.42874,0.5737,0.224,0.4963,0.677
-76.396464,38.737861,0.4739,0.1603,0.278,0.5933
-76.252215,38.07331,0.4546,0.0867,0.1134,0.3024
-76.341545,38.473396,0.5762,0.2523,0.5313,0.8715
-76.258249,38.150925,0.631,0.1254,-0.1014,0.525
-76.405342,38.320358,0.4592,0.1813,0.3217,0.5946
-76.311585,38.019741,0.3196,0.0579,-0.2867,0.8823
-76.048278,38.542668,0.5025,0.1969,0.2395,0.5817
-76.06421,38.793065,0.6201,0.1265,0.1144,0.5487
-76.323254,38.57301,0.1893,0.2483,0.4143,0.2427
-76.298725,38.626792,0.7883,0.2321,-0.2252,0.8059
-76.050757,38.370372,0.6804,0.1812,0.0316,0.3832
-76.316417,38.958052,0.1968,0.0686,0.0231,0.4067
-76.365076,38.387913,0.1504,0.2197,0.301,0.5791
-76.481388,38.584577,0.2253,0.1768,0.4995,0.314
-76.12065,38.283111,0.4785,0.1737,0.051,0.806
-76.344868,38.146474,0.2765,0.117,0.3285,0.3688
-76.272966,38.436831,0.4735,0.2664,0.3441,0.2752
-76.463216,38.934735,0.2271,0.0579,0.3681,0.555
-76.46826,38.758961,0.6575,0.1307,0.2698,0.7584
-76.015185,38.627907,0.1311,0.1663,-0.0639,0.5966
-76.495211,38.838276,0.5707,0.0911,0.0267,0.5775
-76.104461,38.541545,0.2752,0.2243,-0.1447,0.8246
-76.124713,38.31515,0.2596,0.1883,-0.2086,0.7013
-76.453817,38.884265,0.5491,0.0825,-0.2667,0.645
-76.370113,38.611257,0.3983,0.2181,0.0606,0.4436
-76.496876,38.531167,0.2721,0.1756,-0.1162,0.4797
-76.000999,38.509924,0.3672,0.1754,-0.2592,0.706
-76.044987,38.723825,0.2416,0.1482,-0.0919,0.6763
-76.150267,38.844048,0.1122,0.1209,0.4433,0.5844
-76.109754,38.42356,0.1314,0.2201,0.1225,0.2805
-76.145887,38.058366,0.8074,0.0731,0.2146,0.214
-76.39793,38.933526,0.1993,0.071,0.4674,0.2707
-76.114087,38.020001,0.1106,0.0506,0.4163,0.3963
-76.458363,38.776248,0.5786,0.127,-0.1596,0.265
-76.000293,38.331117,0.6792,0.1493,-0.1188,0.4353
-76.063061,38.035154,0.1974,0.0495,0.2347,0.6025
-76.46367,38.642575,0.1947,0.1716,-0.2569,0.5585
-76.021448,38.097592,0.2083,0.0686,0.0765,0.679
-76.352974,38.299159,0.6782,0.1871,-0.0976,0.6794
-76.308985,38.001643,0.1405,0.0491,-0.0662,0.8224
-76.296709,38.3374,0.4218,0.2154,-0.0342,0.878
-76.378294,38.669135,0.6389,0.1939,0.2887,0.2041
-76.239985,38.821592,0.406,0.1391,0.3142,0.5224
-76.494818,38.56962,0.4906,0.1727,0.4821,0.5121
-76.032751,38.751963,0.6903,0.1337,0.4728,0.4433
-76.072701,38.34514,0.7491,0.1823,0.3024,0.6648
-76.30337,38.771383,0.6629,0.1617,-0.1712,0.4819
-76.032227,38.352974,0.1244,0.1686,-0.0793,0.2246
-76.415848,38.70144,0.6555,0.1695,0.3775,0.476
-76.287354,38.983176,0.544,0.0577,-0.1935,0.512
-76.411769,38.748554,0.1255,0.1517,0.1135,0.5149
-76.312432,38.549867,0.6319,0.26,0.1296,0.3603
-76.076593,38.647716,0.8284,0.1861,-0.1767,0.585
-76.195974,38.077338,0.8825,0.0869,-0.154,0.4563
-76.499978,38.378383,0.7109,0.161,-0.2875,0.252
-76.217078,38.60943,0.1522,0.2429,-0.1526,0.5138
-76.027841,38.873802,0.1367,0.0826,-0.2705,0.8411
-76.259983,38.698976,0.3215,0.2004,0.3931,0.4272
-76.119698,38.128442,0.2656,0.1031,0.5814,0.3007
-76.264068,38.684496,0.2171,0.2075,0.0684,0.2369
-76.040465,38.349527,0.2795,0.171,0.4663,0.2166
-76.326255,38.757417,0.8127,0.1658,0.3905,0.6496
-76.374554,38.452888,0.1179,0.2334,0.5703,0.4376
-76.4637,38.362804,0.5269,0.173,-0.1916,0.7838
-76.049796,38.456236,0.8681,0.1975,0.3365,0.5182
-76.054429,38.990371,0.8357,0.036,0.2622,0.5936
-76.032238,38.773549,0.8631,0.1252,-0.2613,0.48
-76.398252,38.011515,0.7307,0.0448,-0.0271,0.2988
-76.451188,38.259345,0.1737,0.1432,-0.1418,0.8419
-76.497073,38.132602,0.3659,0.0786,0.3603,0.4056
-76.285654,38.41877,0.8244,0.2556,-0.2191,0.7283
-76.321321,38.25894,0.6392,0.1743,-0.1038,0.2981
-76.394492,38.344614,0.5034,0.1939,0.4519,0.3277
-76.237658,38.310116,0.8874,0.2049,-0.2089,0.6291
-76.464828,38.902797,0.863,0.0717,-0.1045,0.7984
-76.409189,38.97651,0.2606,0.0488,0.1798,0.2829
-76.444155,38.466851,0.6771,0.2015,0.5524,0.5077
-76.042997,38.16584,0.541,0.1035,-0.004,0.604
-76.243276,38.671151,0.4215,0.2144,0.5124,0.7774
-76.017209,38.581289,0.2224,0.1767,0.5654,0.4206
-76.406949,38.730636,0.8705,0.1605,-0.0212,0.5048
-76.215379,38.846623,0.3675,0.1258,-0.1532,0.6471
-76.469626,38.222056,0.8717,0.1229,0.4188,0.4641
-76.348578,38.227357,0.4284,0.155,0.539,0.8756
-76.423225,38.477628,0.2441,0.2127,0.5156,0.6136
-76.050974,38.679884,0.8247,0.1659,-0.0212,0.825
-76.07598,38.720574,0.3068,0.1595,-0.0761,0.3911
-76.318779,38.516182,0.6939,0.2647,0.5674,0.667
-76.314187,38.846708,0.2274,0.1237,0.5044,0.6036
-76.044918,38.008714,0.3542,0.0338,0.5022,0.4153
-76.327947,38.978067,0.8737,0.0578,0.3764,0.8809
-76.194203,38.333964,0.1627,0.2124,-0.113,0.7401
-76.480941,38.160294,0.3272,0.0946,0.0042,0.3007
-76.300877,38.089124,0.8514,0.093,0.4899,0.638
-76.114764,38.679477,0.8029,0.1876,0.2643,0.2405
-76.346229,38.442967,0.6567,0.2441,0.0886,0.4705
-76.308092,38.662608,0.3642,0.2137,0.5868,0.6074
-76.209016,38.063336,0.8636,0.0807,0.2707,0.8317
-76.390049,38.005537,0.1477,0.043,-0.1691,0.2381
-76.293829,38.273241,0.712,0.1845,-0.2751,0.6595
-76.177074,38.825192,0.181,0.1334,-0.1847,0.6976
-76.061839,38.072897,0.2802,0.0666,0.3453,0.7181
-76.035848,38.980613,0.7963,0.0369,0.0898,0.6282
-76.363236,38.874844,0.8385,0.1042,0.2549,0.8896
-76.073103,38.550141,0.5795,0.2081,0.5587,0.5752
-76.221406,38.698487,0.1557,0.1997,-0.017,0.6177
-76.06602,38.936573,0.7064,0.0631,0.1098,0.5793
-76.239578,38.159446,0.5109,0.1296,0.189,0.5505
-76.318791,38.195275,0.6998,0.1438,0.5693,0.3756
-76.194368,38.524481,0.7308,0.2696,-0.0247,0.346
-76.030024,38.217022,0.8362,0.1208,-0.0902,0.338
-76.101751,38.086183,0.151,0.0802,0.5376,0.2529
-76.033119,38.391295,0.6319,0.1787,0.3927,0.7714
-76.1503,38.877729,0.7006,0.1047,0.194,0.517
-76.037115,38.123511,0.1173,0.0837,0.1952,0.8857
-76.049226,38.967705,0.7229,0.0455,-0.1511,0.6576
-76.391299,38.915723,0.4963,0.0805,0.4908,0.2752
-76.146465,38.880601,0.4272,0.1028,0.5969,0.2387
-76.054258,38.495372,0.5298,0.2021,0.1123,0.5532
-76.1217,38.852317,0.4891,0.1125,0.359,0.289
-76.419748,38.689749,0.5805,0.1727,0.5462,0.2508
-76.010634,38.995263,0.6208,0.025,0.5296,0.2735
-76.36618,38.097788,0.2724,0.0907,0.4665,0.5851
-76.039902,38.76762,0.3995,0.1299,0.1829,0.2169
-76.033593,38.333315,0.5012,0.1634,0.0023,0.4161
-76.415698,38.714284,0.5066,0.1646,0.2174,0.6155
-76.246535,38.400341,0.1087,0.2501,0.0739,0.6027
-76.197685,38.602575,0.5602,0.2424,0.0466,0.3002
-76.047403,38.87991,0.5586,0.0847,0.0807,0.285
-76.062484,38.335584,0.324,0.1753,0.1498,0.3694
-76.184637,38.202839,0.1604,0.1479,0.029,0.7329
-76.09085,38.146892,0.8075,0.1063,0.364,0.3013
-76.018271,38.026289,0.3568,0.0363,0.2607,0.7879
-76.047918,38.069617,0.1077,0.0623,0.0695,0.4841
-76.303569,38.790225,0.3144,0.1524,0.3884,0.4716
-76.024979,38.775848,0.3196,0.122,-0.0623,0.6827
-76.165076,38.013277,0.1223,0.053,0.2055,0.2526
-76.291059,38.738009,0.7742,0.1792,0.5022,0.828
-76.087951,38.275012,0.8578,0.1614,-0.0136,0.648
-76.401977,38.226596,0.3222,0.1436,0.5469,0.7875
-76.317227,38.183494,0.303,0.1382,0.1147,0.5154
-76.073091,38.455335,0.3111,0.2088,0.4899,0.8332
-76.386873,38.583613,0.8218,0.2198,-0.1558,0.3318
-76.114198,38.749185,0.2838,0.1581,0.1561,0.6604
-76.180253,38.326972,0.6237,0.2067,0.1972,0.5127
-76.386401,38.501296,0.6581,0.2318,0.0505,0.3325
-76.066597,38.203177,0.8401,0.1255,0.216,0.645
-76.429279,38.463506,0.2703,0.2085,-0.2271,0.694
-76.483261,38.610348,0.8655,0.171,-0.2672,0.5642
-76.314008,38.834928,0.5882,0.1295,-0.2288,0.3782
-76.218116,38.692206,0.27,0.2026,0.4791,0.4069
-76.437441,38.074077,0.5553,0.0673,0.4552,0.2044
-76.039797,38.225328,0.7365,0.1271,0.0057,0.5018
-76.097169,38.551945,0.3289,0.2193,-0.2054,0.3811
-76.005965,38.28497,0.7094,0.1374,0.0471,0.3073
-76.192878,38.130999,0.7316,0.1133,-0.2511,0.5289
-76.288316,38.59108,0.5861,0.2506,-0.1574,0.3411
-76.011862,38.251926,0.2656,0.1281,0.2112,0.5011
-76.016101,38.208041,0.1834,0.113,0.5075,0.4856
-76.19974,38.443609,0.7087,0.2622,0.1314,0.617
-76.175678,38.517336,0.7479,0.2618,0.0113,0.5318
-76.198257,38.972175,0.2219,0.0625,0.547,0.8537
-76.292156,38.249875,0.8486,0.1732,-0.2332,0.4956
-76.239225,38.13201,0.8758,0.1159,0.218,0.8737
-76.118082,38.782631,0.4288,0.144,0.2596,0.7182
-76.284908,38.151427,0.3191,0.1248,0.5029,0.4338
-76.258365,38.591954,0.6955,0.2538,0.3868,0.7951
-76.33747,38.502932,0.3481,0.2562,-0.2067,0.5786
-76.09944,38.279397,0.8558,0.1665,-0.1054,0.7659
-76.392936,38.836681,0.4726,0.1171,0.4549,0.3154
-76.096321,38.215444,0.8936,0.1383,0.4184,0.5512
-76.004623,38.983338,0.2826,0.029,0.5341,0.5024
-76.41462,38.215134,0.5821,0.1355,0.1275,0.6856
-76.164323,38.715885,0.2114,0.1839,-0.0968,0.2645
-76.482106,38.251044,0.8508,0.1298,0.4062,0.6377
-76.160255,38.950459,0.6107,0.0703,0.2333,0.4599
-76.451112,38.404653,0.2862,0.1887,-0.1714,0.8505
-76.092052,38.555857,0.5028,0.2162,0.1529,0.2962
-76.174641,38.387822,0.4461,0.2324,0.4598,0.5307
-76.384844,38.265739,0.8938,0.1649,-0.2201,0.686
-76.297578,38.614039,0.6765,0.2382,0.0565,0.2867
-76.035338,38.34991,0.179,0.169,0.5055,0.3208
-76.161098,38.513026,0.5199,0.2551,0.4997,0.4199
-76.170429,38.781211,0.4602,0.1539,-0.1305,0.2393
-76.291135,38.234633,0.6278,0.1657,0.482,0.3285
-76.10106,38.426477,0.8975,0.217,0.3357,0.552
-76.246232,38.192706,0.7926,0.1463,0.4491,0.2167
-76.279407,38.426548,0.4954,0.2604,0.5536,0.6993
-76.142907,38.795444,0.516,0.1429,0.042,0.2551
-76.276341,38.741326,0.5536,0.1786,0.1707,0.4626
-76.3119,38.509162,0.6266,0.2687,0.4153,0.7084
-76.114164,38.46035,0.2385,0.2292,0.2777,0.639
-76.035918,38.811635,0.2386,0.111,0.5439,0.4817
-76.312969,38.079046,0.3403,0.0872,0.5681,0.2242
-76.012543,38.044455,0.3441,0.0431,0.2156,0.6365
-76.420629,38.291081,0.5175,0.1651,0.5042,0.4244
-76.478227,38.72411,0.6865,0.1401,-0.2619,0.5887
-76.125779,38.281755,0.4387,0.1744,-0.0042,0.8276
-76.120766,38.02972,0.7331,0.0561,0.252,0.8784
-76.096297,38.301675,0.4658,0.1745,0.1591,0.8792
-76.370587,38.110281,0.4634,0.096,0.0203,0.357
-76.367325,38.038419,0.5138,0.0619,0.074,0.5603
-76.270286,38.070744,0.2977,0.0851,0.1318,0.6492
-76.463146,38.429413,0.5905,0.1877,0.175,0.6034
-76.303793,38.289233,0.5331,0.1912,0.2177,0.3763
-76.058166,38.834965,0.5911,0.107,0.4055,0.7346
-76.035383,38.476281,0.2217,0.192,0.1168,0.5106
-76.398249,38.918389,0.404,0.0781,0.3356,0.4864
-76.087733,38.268033,0.7967,0.1585,-0.132,0.4882
-76.304579,38.85534,0.6021,0.1202,0.5416,0.874
-76.439998,38.864805,0.8547,0.0943,0.2545,0.6185
-76.227833,38.075161,0.5641,0.0873,0.2427,0.2764
-76.232959,38.237545,0.4863,0.1685,0.1227,0.8195
-76.222772,38.008112,0.2528,0.0537,0.5804,0.6142
-76.106835,38.679907,0.5581,0.185,0.3978,0.2741
-76.123977,38.44095,0.4223,0.2304,0.2811,0.2568
-76.094562,38.563165,0.5127,0.2161,0.0486,0.6871
-76.103051,38.767126,0.5546,0.1476,-0.1495,0.2855
-76.455107,38.671272,0.5965,0.1664,0.0556,0.8826
-76.254153,38.858216,0.3214,0.1209,0.2928,0.3351
-76.099211,38.108221,0.6759,0.0901,0.2183,0.7931
-76.064664,38.49834,0.7737,0.2073,0.4613,0.8327
-76.122242,38.075792,0.7207,0.0785,0.5457,0.7185
-76.325601,38.907386,0.4892,0.0928,0.191,0.3169
-76.072913,38.619613,0.3829,0.1932,0.5729,0.5565
-76.296361,38.89514,0.7608,0.1011,-0.1265,0.4015
-76.184369,38.635138,0.5304,0.2249,-0.2573,0.7646
-76.055192,38.365143,0.6486,0.1815,0.1653,0.5021
-76.279747,38.143279,0.2744,0.121,0.5839,0.5122
-76.286543,38.040889,0.756,0.0697,0.2031,0.7516
-76.166859,38.813354,0.7663,0.1379,0.2906,0.807
-76.395484,38.206755,0.8338,0.1363,-0.2253,0.4526
-76.13059,38.675346,0.4829,0.1939,-0.0299,0.8394
-76.38155,38.323809,0.412,0.1901,0.4622,0.7942
-76.005393,38.39132,0.7616,0.1662,0.0376,0.349
-76.007504,38.072664,0.7652,0.0543,0.5459,0.2884
-76.311185,38.098935,0.4113,0.0971,0.248,0.3968
-76.448572,38.837531,0.1564,0.1042,0.1004,0.7269
-76.438495,38.712908,0.3138,0.1578,-0.1707,0.3706
-76.333384,38.01091,0.3741,0.0519,-0.1181,0.6093
-76.299949,38.327664,0.4773,0.2103,0.2368,0.4329
-76.4665,38.267422,0.4314,0.1411,0.0144,0.8113
-76.000215,38.885941,0.5611,0.0701,0.4529,0.7863
-76.169634,38.715752,0.5949,0.1849,0.2526,0.8484
-76.323326,38.765093,0.1671,0.1625,-0.1164,0.6572
-76.306005,38.360613,0.2641,0.2249,-0.0553,0.7413
-76.330635,38.65699,0.2994,0.2118,0.1062,0.5549
-76.097099,38.285523,0.6214,0.1683,0.3055,0.5695
-76.017691,38.56456,0.1915,0.1794,0.4746,0.4353
-76.216358,38.638798,0.1507,0.2286,0.596,0.6242
-76.045755,38.752275,0.286,0.1377,-0.227,0.2865
-76.067269,38.528248,0.1393,0.2075,0.2524,0.7796
-76.477234,38.003623,0.718,0.027,0.4102,0.5189
-76.15875,38.703543,0.1451,0.1885,0.2195,0.7718
-76.498797,38.231817,0.6888,0.1171,0.4457,0.4855
-76.204707,38.436552,0.4839,0.261,0.5111,0.6388
-76.331108,38.925341,0.4605,0.0835,-0.1977,0.596
-76.451455,38.519335,0.5878,0.1988,0.3246,0.213
-76.022399,38.197866,0.4446,0.1109,-0.1791,0.5496
-76.139316,38.495293,0.7641,0.2446,-0.1866,0.8322
-76.41548,38.547262,0.4454,0.214,0.2424,0.5248
-76.374447,38.430931,0.2232,0.2288,0.3711,0.7036
-76.424257,38.51881,0.2755,0.2124,-0.0979,0.3865
-76.405116,38.426442,0.7575,0.2142,0.1085,0.7478
-76.41929,38.337965,0.1366,0.1828,0.5505,0.6592
-76.238475,38.027228,0.8667,0.0635,0.308,0.7181
-76.370272,38.478005,0.1315,0.2389,0.4705,0.3089
-76.28348,38.859441,0.6892,0.1195,0.1442,0.3028
-76.448918,38.208228,0.2991,0.1234,-0.0133,0.5285
-76.032485,38.288242,0.2976,0.1482,0.3013,0.8633
-76.168028,38.609639,0.1293,0.2316,0.5867,0.8668
-76.453805,38.868096,0.2083,0.0896,0.4694,0.4682
-76.173312,38.975924,0.6211,0.059,0.2133,0.4748
-76.154468,38.123035,0.259,0.1056,0.0544,0.5138
-76.298926,38.64665,0.6298,0.2227,-0.1852,0.2522
-76.381742,38.79713,0.1196,0.1375,-0.0808,0.5344
-76.038328,38.340643,0.6347,0.1675,-0.1071,0.8071
-76.138177,38.46018,0.7828,0.2406,0.2376,0.6336
-76.137324,38.198757,0.8262,0.1392,0.598,0.7192
-76.344871,38.905649,0.4604,0.0917,0.326,0.2528
-76.243397,38.059669,0.4832,0.0798,-0.296,0.8792
-76.239548,38.527955,0.8342,0.2851,0.307,0.4659
-76.075597,38.510637,0.1931,0.2126,-0.0175,0.471
-76.049288,38.541815,0.7498,0.1975,0.1249,0.3394
-76.378716,38.511791,0.3572,0.2354,0.1054,0.4486
-76.182562,38.765406,0.205,0.1631,-0.2101,0.2777
-76.2693,38.171559,0.1721,0.1355,0.0119,0.8402
-76.051172,38.805095,0.1648,0.1179,-0.2181,0.687
-76.009188,38.578159,0.7051,0.1734,0.5888,0.2453
-76.377985,38.527946,0.253,0.2345,0.2829,0.3104
-76.011149,38.850578,0.8322,0.0879,0.5272,0.2961
-76.427963,38.187805,0.8515,0.1203,-0.0334,0.4617
-76.056045,38.183931,0.7069,0.1146,-0.111,0.4028
-76.175598,38.929998,0.5046,0.0818,0.0292,0.6995
-76.121152,38.533599,0.1724,0.2334,0.0219,0.287
-76.487425,38.028738,0.8772,0.0362,-0.2003,0.6967
-76.340126,38.485877,0.2638,0.2544,0.3285,0.4566
-76.425077,38.823479,0.4835,0.1161,0.2951,0.4682
-76.329077,38.821956,0.2541,0.1342,-0.2966,0.6204
-76.037032,38.302966,0.2192,0.1549,0.0602,0.6851
-76.072326,38.121154,0.7668,0.0908,0.306,0.4451
-76.207978,38.877095,0.4504,0.1103,-0.0884,0.2573
-76.375765,38.744921,0.3251,0.1623,0.5392,0.5242
-76.14552,38.613662,0.4384,0.2228,0.385,0.5036
-76.351789,38.938534,0.5708,0.0749,0.3626,0.241
-76.442776,38.415954,0.3715,0.1948,0.1001,0.4902
-76.006306,38.190852,0.8318,0.1032,-0.286,0.8507
-76.26121,38.486389,0.6122,0.2912,-0.0759,0.8288
-76.277593,38.836573,0.1849,0.1311,0.5658,0.3536
-76.389983,38.708204,0.8502,0.1746,-0.1376,0.5456
-76.498574,38.965263,0.1067,0.0362,0.4484,0.3653
-76.268938,38.176215,0.3768,0.1378,0.4191,0.4658
-76.060432,38.680997,0.4346,0.169,-0.2802,0.3309
-76.270633,38.401404,0.3546,0.2496,0.3706,0.505
-76.317886,38.344952,0.6049,0.2154,0.4969,0.2402
-76.09524,38.684622,0.2377,0.1795,0.2309,0.484
-76.090208,38.402294,0.3895,0.2064,0.1767,0.8133
-76.448174,38.534587,0.7365,0.1994,0.0635,0.7136
-76.03596,38.223495,0.7499,0.1252,0.3711,0.5034
-76.013508,38.921048,0.4745,0.0585,0.1333,0.5317
-76.434024,38.492063,0.4295,0.2079,0.192,0.2984
-76.411291,38.231679,0.2275,0.1435,0.5636,0.6693
-76.482746,38.494799,0.1685,0.1836,0.484,0.2171
-76.385254,38.008259,0.8423,0.045,0.0339,0.5161
-76.444686,38.460804,0.172,0.2007,0.1121,0.8664
-76.429554,38.140168,0.5947,0.0989,-0.0327,0.3757
-76.03837,38.600896,0.1569,0.1828,0.1919,0.7169
-76.417095,38.269809,0.2914,0.1578,-0.2674,0.27
-76.029662,38.648726,0.6541,0.1671,-0.0977,0.3251
-76.289805,38.115239,0.7785,0.1066,-0.2559,0.4202
-76.219927,38.545997,0.4537,0.2725,0.1235,0.2507
-76.177989,38.186366,0.6905,0.1391,0.538,0.7525
-76.342823,38.488293,0.5546,0.2532,-0.0826,0.3226
-76.123211,38.706139,0.554,0.179,0.0278,0.7687
-76.005247,38.002312,0.849,0.0227,0.3777,0.4693
-76.08454,38.184832,0.1817,0.122,-0.0923,0.2116
-76.27126,38.506925,0.8818,0.2888,0.0642,0.6379
-76.425546,38.699993,0.169,0.1669,0.3347,0.4285
-76.021818,38.244912,0.8771,0.1289,0.1262,0.3341
-76.394585,38.173983,0.8557,0.1217,0.5544,0.8884
-76.178968,38.437128,0.7187,0.2526,0.1339,0.262
-76.01749,38.530219,0.6979,0.1828,0.2632,0.5755
-76.187507,38.568175,0.6705,0.2538,-0.242,0.6132
-76.017341,38.388901,0.4062,0.1711,0.4989,0.7151
-76.035846,38.894545,0.5111,0.0755,0.4072,0.8524
-76.121539,38.337116,0.3273,0.1963,0.4347,0.2213
-76.099736,38.700526,0.3109,0.1747,-0.0072,0.7686
-76.264569,38.917316,0.721,0.0912,0.4636,0.3508
-76.446274,38.254207,0.6866,0.1427,0.3369,0.3293
-76.144349,38.555587,0.4651,0.2403,0.0536,0.3976
-76.400123,38.819136,0.7813,0.1237,0.2935,0.7788
-76.017158,38.925919,0.2293,0.0573,0.1842,0.5076
-76.147134,38.249846,0.433,0.1648,0.313,0.5585
-76.422957,38.956748,0.6362,0.0558,0.5155,0.5809
-76.171633,38.009048,0.4831,0.0514,-0.1664,0.7151
-76.266727,38.996025,0.6423,0.0518,0.1058,0.8827
-76.481796,38.698734,0.7048,0.1473,0.1155,0.3665
-76.174953,38.931227,0.2344,0.0811,0.0772,0.3543
-76.363363,38.803277,0.282,0.1381,0.0732,0.719
-76.020514,38.122531,0.2647,0.0791,0.148,0.3258
-76.456542,38.474208,0.3706,0.1959,-0.1721,0.3379
-76.006545,38.597277,0.1554,0.1689,0.54,0.3927
-76.107656,38.26978,0.8903,0.1647,0.4383,0.8187
-76.025052,38.514917,0.8687,0.1873,0.5378,0.7666
-76.409146,38.841253,0.1848,0.1117,0.0016,0.6483
-76.119324,38.465585,0.583,0.2324,0.0105,0.4082
-76.375166,38.238333,0.5182,0.155,-0.2361,0.7635
-76.479844,38.795322,0.3103,0.1129,0.1358,0.6488
-76.377275,38.881966,0.4125,0.0987,0.5677,0.2398
-76.019757,38.866538,0.14,0.0836,-0.0688,0.7818
-76.072291,38.063338,0.2928,0.0643,0.0185,0.4597
-76.368614,38.492834,0.4487,0.2406,0.1759,0.8981
-76.414643,38.15588,0.8649,0.1093,0.1089,0.7925
-76.147237,38.98139,0.3377,0.0539,0.0989,0.4402
-76.174126,38.130432,0.5788,0.1114,0.1589,0.315
-76.149837,38.672756,0.8904,0.2002,0.3649,0.281
-76.079581,38.333226,0.8727,0.1808,0.4024,0.5145
-76.276831,38.271189,0.2681,0.1848,0.2745,0.6182
-76.459619,38.854763,0.5789,0.094,-0.2283,0.7589
-76.340478,38.396232,0.7651,0.2312,-0.2734,0.3809
-76.095112,38.480743,0.8185,0.222,-0.1716,0.2354
-76.144384,38.533754,0.2356,0.2446,0.5096,0.2479
-76.404617,38.727593,0.819,0.1624,0.5099,0.5001
-76.433372,38.517107,0.1126,0.2079,0.5957,0.3043
-76.050528,38.923837,0.4095,0.0658,0.4707,0.8247
-76.496901,38.019798,0.8578,0.03,-0.1513,0.2644
-76.003235,38.0509,0.2837,0.0438,0.0051,0.2259
-76.317708,38.235412,0.4922,0.1634,-0.1262,0.3735
-76.261066,38.423613,0.1787,0.2614,0.048,0.3579
-76.402419,38.548882,0.2834,0.22,-0.1445,0.625
-76.264715,38.871284,0.7667,0.1142,0.0428,0.3459
-76.098336,38.409625,0.6996,0.2117,0.5353,0.6097
-76.129129,38.195132,0.3052,0.136,0.3444,0.7126
-76.428282,38.211922,0.7193,0.1306,0.2683,0.6085
-76.274508,38.721579,0.4633,0.1885,-0.0384,0.7537
-76.319218,38.823245,0.4279,0.1347,-0.0149,0.8444
-76.111772,38.4935,0.8031,0.2308,0.3592,0.2127
-76.063159,38.750847,0.8034,0.1436,0.5129,0.2248
-76.40333,38.350565,0.2657,0.1929,0.4917,0.3546
-76.321637,38.832754,0.3851,0.1298,0.4285,0.8604
-76.48063,38.840488,0.3002,0.0944,0.2159,0.3914
-76.053741,38.501503,0.5351,0.2019,-0.276,0.2491
-76.450102,38.236543,0.4914,0.1346,0.2771,0.8908
-76.495348,38.118563,0.2178,0.0732,-0.2311,0.5619
-76.308263,38.443645,0.1766,0.2595,-0.2784,0.3697
-76.073686,38.274676,0.5031,0.1569,0.1324,0.4731
-76.483286,38.233668,0.1265,0.123,0.2326,0.3425
-76.272801,38.445773,0.1145,0.2706,-0.0268,0.2569
-76.345235,38.075055,0.293,0.0823,0.5526,0.4306
-76.214245,38.081462,0.5664,0.09,0.4991,0.4642
-76.256793,38.273404,0.3875,0.1867,0.5761,0.7294
-76.123244,38.426482,0.8626,0.2267,0.3229,0.7403
-76.146616,38.01532,0.3782,0.0522,0.5192,0.2575
-76.10353,38.907526,0.5893,0.0835,-0.2481,0.5034
-76.262972,38.544423,0.2861,0.2769,-0.2254,0.7741
-76.417963,38.327557,0.7057,0.1796,0.5894,0.5078
-76.280632,38.659425,0.4912,0.2188,0.5885,0.4619
-76.264997,38.929601,0.4645,0.0851,-0.2809,0.4458
-76.485257,38.572436,0.2508,0.1769,0.3831,0.3125
-76.476555,38.543131,0.7387,0.1847,0.0735,0.561
-76.27076,38.570419,0.6693,0.2633,-0.121,0.6238
-76.422047,38.531179,0.4224,0.2126,0.3583,0.7518
-76.044351,38.745145,0.6651,0.14,0.5343,0.6427
-76.117961,38.585021,0.3839,0.2215,0.4674,0.5776
-76.023509,38.154915,0.6187,0.0936,-0.0168,0.22
-76.135442,38.1395,0.5793,0.1109,0.5884,0.658
-76.273766,38.502383,0.8573,0.2881,0.5853,0.3881
-76.449815,38.05478,0.565,0.056,-0.2012,0.376
-76.375208,38.073875,0.1434,0.0779,0.4236,0.3844
-76.411521,38.043158,0.8494,0.0577,-0.1164,0.6888
-76.367595,38.357362,0.8429,0.2076,-0.2274,0.8168
-76.362737,38.870444,0.2077,0.1064,0.4869,0.7326
-76.000403,38.795142,0.8077,0.1067,0.0043,0.4085
-76.370995,38.54059,0.4349,0.2362,0.2694,0.8462
-76.27068,38.813985,0.6285,0.1427,-0.0789,0.2034
-76.276508,38.446867,0.7558,0.2703,0.1257,0.4243
-76.450971,38.46084,0.256,0.1976,0.2569,0.6891
-76.227452,38.128229,0.313,0.1138,-0.0786,0.2058
-76.310213,38.423054,0.3568,0.2511,-0.2814,0.8176
-76.097629,38.155551,0.7746,0.1117,0.5265,0.4093
-76.271473,38.496713,0.1893,0.2891,-0.0773,0.6302
-76.172689,38.276663,0.1822,0.1818,-0.2932,0.2724
-76.075947,38.441187,0.7455,0.2081,0.4791,0.6943
-76.362835,38.676373,0.8227,0.1953,0.183,0.7908
-76.133114,38.035017,0.2751,0.0603,-0.0162,0.4618
-76.440643,38.077326,0.3064,0.0682,-0.0381,0.4372
-76.407251,38.786504,0.2752,0.1366,0.3137,0.222
-76.46918,38.217247,0.5167,0.1211,0.4078,0.718
-76.429746,38.241979,0.6147,0.1428,0.0995,0.5816
-76.273543,38.860724,0.1368,0.1193,0.1873,0.7255
-76.352404,38.295619,0.2148,0.1857,0.1445,0.2441
-76.4411,38.57994,0.7456,0.1964,0.1595,0.8577
-76.075996,38.6443,0.4371,0.187,0.5748,0.8546
-76.367456,38.119478,0.4403,0.1009,0.275,0.6579
-76.025838,38.701919,0.3696,0.1492,0.1138,0.5384
-76.12563,38.633756,0.3104,0.2087,0.108,0.597
-76.299642,38.907551,0.2189,0.0947,0.4271,0.6538
-76.141499,38.229791,0.1217,0.1544,-0.2178,0.8287
-76.184841,38.844178,0.7716,0.1249,-0.0933,0.5431
-76.250776,38.915834,0.8945,0.0921,0.3564,0.446
-76.369212,38.662518,0.7245,0.1992,-0.2753,0.2845
-76.337758,38.598236,0.6142,0.2341,-0.1045,0.5398
-76.386787,38.703771,0.2208,0.1773,0.5945,0.5378
-76.46456,38.132955,0.7631,0.0874,0.5719,0.6782
-76.039776,38.122483,0.6979,0.0839,0.3735,0.7705
-76.468736,38.597887,0.3771,0.1802,0.2604,0.4269
-76.008754,38.783713,0.6689,0.1138,-0.1688,0.6561
-76.365189,38.983966,0.2664,0.0513,0.1025,0.6296
-76.282111,38.575498,0.4602,0.259,0.5607,0.338
-76.483553,38.45092,0.2595,0.1807,0.3211,0.842
-76.011275,38.433672,0.3408,0.1761,-0.2416,0.2287
-76.389485,38.829935,0.5326,0.1209,-0.2694,0.4487
-76.154528,38.941525,0.4832,0.0741,0.1862,0.6682
-76.436302,38.71057,0.5525,0.1594,0.0227,0.815
-76.070508,38.245431,0.745,0.1443,0.1536,0.5496
-76.400741,38.304569,0.5083,0.1766,0.5759,0.3957
-76.11137,38.585223,0.833,0.2186,0.1754,0.8666
-76.049192,38.193218,0.2136,0.1167,-0.2989,0.7122
-76.163072,38.578044,0.4564,0.2416,0.5508,0.2855
-76.025337,38.110077,0.7966,0.075,-0.208,0.254
-76.085827,38.567041,0.6555,0.2113,0.0224,0.3302
-76.271725,38.472668,0.8958,0.2825,0.5427,0.3851
-76.314481,38.469079,0.8307,0.2642,0.3968,0.7457
-76.237817,38.020124,0.4713,0.06,0.0015,0.3602
-76.017612,38.040641,0.7095,0.0426,0.3038,0.3946
-76.342678,38.509801,0.555,0.2534,0.1193,0.637
-76.144914,38.246163,0.3958,0.1626,0.5746,0.3333
-76.477728,38.515351,0.1698,0.1859,0.3059,0.3009
-76.257549,38.492879,0.279,0.2948,0.5618,0.4666
-76.147295,38.660786,0.6546,0.2046,0.2116,0.7971
-76.438875,38.993734,0.2171,0.0357,0.3101,0.297
-76.010135,38.553487,0.6184,0.1771,0.1446,0.8387
-76.002552,38.064991,0.8452,0.0498,-0.0555,0.8269
-76.091364,38.975253,0.2729,0.0495,0.1069,0.8077
-76.006372,38.147823,0.5892,0.0859,0.4047,0.7281
-76.22166,38.128101,0.3354,0.1135,-0.1293,0.584
-76.215124,38.355008,0.1611,0.2254,0.1231,0.6657
-76.374183,38.03676,0.6928,0.0602,0.2418,0.7964
-76.06864,38.255384,0.7133,0.1477,-0.0018,0.7588
-76.059801,38.713664,0.1578,0.157,0.3041,0.223
-76.288334,38.005612,0.6267,0.0521,0.5507,0.6171
-76.212914,38.609568,0.5598,0.2422,-0.1425,0.207
-76.084696,38.46447,0.5456,0.2155,-0.1313,0.6074
-76.369521,38.5099,0.6879,0.24,0.3255,0.5033
-76.057647,38.015794,0.3894,0.0395,0.5488,0.4566
-76.317507,38.835338,0.8514,0.129,0.3195,0.5506
-76.037812,38.189675,0.1666,0.112,0.0411,0.6093
-76.149114,38.859679,0.4592,0.1132,-0.2617,0.5197
-76.386176,38.326843,0.7004,0.1899,0.095,0.4811
-76.203368,38.150773,0.4943,0.1238,0.0272,0.3981
-76.039961,38.35793,0.7083,0.1732,-0.1123,0.2089
-76.124961,38.633693,0.6806,0.2085,0.3724,0.644
-76.220277,38.013658,0.8206,0.0564,-0.1614,0.6007
-76.164101,38.286759,0.1874,0.1851,0.0791,0.8531
-76.473188,38.30155,0.2119,0.1507,0.553,0.3799
-76.489157,38.132371,0.2829,0.0807,-0.0181,0.4387
-76.296646,38.088379,0.433,0.0929,-0.1951,0.4603
-76.476407,38.616883,0.8691,0.1726,0.4094,0.4292
-76.290171,38.101702,0.3977,0.0998,0.126,0.895
-76.113476,38.411598,0.5581,0.2187,-0.016,0.6524
-76.084481,38.030286,0.5063,0.051,0.0385,0.7096
-76.162365,38.158941,0.5899,0.1239,0.2632,0.4727
-76.213088,38.713728,0.7589,0.1916,0.0525,0.2475
-76.059618,38.060256,0.1146,0.0604,0.1711,0.8689
-76.093662,38.329021,0.4829,0.1842,-0.2842,0.764
-76.482067,38.99808,0.8445,0.0253,0.0661,0.3069
-76.159963,38.851525,0.1501,0.1186,-0.0488,0.5193
-76.425596,38.229288,0.221,0.1387,0.5447,0.642
-76.042278,38.099439,0.8558,0.0744,0.0696,0.2005
-76.20251,38.258519,0.7645,0.1769,0.5376,0.5631
-76.405316,38.008078,0.3286,0.0421,0.0007,0.8194
-76.090698,38.474112,0.2762,0.2193,0.5114,0.2493
-76.241232,38.506822,0.4314,0.2944,-0.0286,0.5585
-76.138122,38.729563,0.5117,0.1723,-0.0871,0.2312
-76.387295,38.235542,0.5149,0.151,0.5965,0.527
-76.459712,38.878665,0.5542,0.0836,0.5646,0.5084
-76.065032,38.407595,0.2361,0.1966,0.3774,0.8818
-76.272865,38.044615,0.4204,0.072,0.3165,0.7148
-76.024586,38.525077,0.3873,0.1866,0.0083,0.3329
-76.17166,38.079965,0.237,0.0864,-0.291,0.3645
-76.376299,38.309524,0.5021,0.1857,0.3926,0.8003
-76.270962,38.314928,0.5949,0.2069,-0.1375,0.491
-76.403909,38.590799,0.8153,0.2107,0.0346,0.8601
-76.094709,38.143607,0.7938,0.1056,0.0321,0.4615
-76.350079,38.310632,0.7588,0.1929,-0.1521,0.2247
-76.269595,38.156653,0.6483,0.128,0.1814,0.4147
-76.240451,38.00646,0.3841,0.0532,0.4585,0.3446
-76.472489,38.281355,0.5759,0.144,0.5835,0.7926
-76.49658,38.429891,0.4471,0.1718,0.2559,0.3338
-76.119243,38.46628,0.1136,0.2325,0.2583,0.6802
-76.312422,38.418623,0.2182,0.2487,0.1267,0.8495
-76.23509,38.115144,0.2166,0.1074,-0.1844,0.5774
-76.095218,38.360373,0.15,0.1958,-0.0862,0.8455
-76.214441,38.993038,0.6542,0.0528,0.1997,0.727
-76.235595,38.904253,0.142,0.0977,0.191,0.8188
-76.368264,38.046859,0.8102,0.0658,-0.0318,0.6998
-76.049353,38.291159,0.3835,0.1552,0.3299,0.5289
-76.084438,38.136158,0.7366,0.1001,0.1295,0.6423
-76.434432,38.23106,0.7573,0.1369,-0.2069,0.4143
-76.331092,38.022946,0.6827,0.0581,0.25,0.247
-76.463465,38.003872,0.7215,0.0299,-0.0343,0.5706
-76.326204,38.190665,0.1883,0.1407,-0.0008,0.297
-76.466195,38.032785,0.3715,0.0426,0.3939,0.5936
-76.292957,38.379498,0.6145,0.236,0.1809,0.5183
-76.308658,38.835968,0.3614,0.1295,0.0089,0.6394
-76.300449,38.006417,0.49,0.0519,0.4607,0.4415
-76.003521,38.91605,0.6549,0.0582,-0.0595,0.3921
-76.376639,38.751746,0.5786,0.1591,0.2761,0.5437
-76.47329,38.971313,0.1678,0.0392,0.132,0.3316
-76.092509,38.644726,0.2036,0.1931,0.4334,0.203
-76.030625,38.082843,0.2857,0.0643,0.0636,0.8019
-76.123006,38.46605,0.2304,0.2343,0.2347,0.6816
-76.079425,38.197804,0.4291,0.1265,0.4883,0.4256
-76.338903,38.022291,0.1463,0.057,0.4364,0.7339
-76.178808,38.514838,0.1783,0.2636,-0.1956,0.3413
-76.358953,38.240898,0.6151,0.1595,0.1831,0.8048
-76.062184,38.041432,0.5507,0.0522,0.2203,0.891
-76.146832,38.430242,0.4843,0.2377,-0.2917,0.3041
-76.164215,38.481828,0.3331,0.2562,0.1863,0.2379
-76.314662,38.700354,0.8806,0.1947,0.4659,0.4745
-76.163107,38.064639,0.4252,0.078,0.0645,0.2893
-76.255953,38.526862,0.5151,0.2862,-0.2099,0.439
-76.248168,38.566537,0.2722,0.2667,0.4601,0.5462
-76.490195,38.880455,0.3736,0.075,0.0519,0.7186
-76.120168,38.438515,0.32,0.2282,0.4753,0.4709
-76.22101,38.228688,0.4952,0.1636,0.1333,0.5869
-76.035742,38.129984,0.1966,0.0862,-0.0892,0.8676
-76.052802,38.404301,0.2257,0.1904,0.2259,0.6029
-76.088234,38.817796,0.6075,0.1217,0.5005,0.4399
-76.110356,38.154416,0.3007,0.1136,0.5612,0.5288
-76.065736,38.417713,0.4671,0.1991,0.2425,0.356
-76.070905,38.25102,0.6802,0.1466,0.021,0.3497
-76.465693,38.089446,0.8082,0.0681,-0.2757,0.8691
-76.424569,38.099142,0.6144,0.0814,0.1456,0.8461
-76.448049,38.142438,0.6051,0.0956,-0.1366,0.5176
-76.256586,38.552423,0.7752,0.2736,-0.0525,0.8063
-76.468783,38.160759,0.2516,0.0982,0.3256,0.294
-76.475052,38.051783,0.8558,0.0492,-0.0745,0.443
-76.016888,38.730666,0.7757,0.136,0.1761,0.8588
-76.125921,38.172507,0.2434,0.1249,0.0065,0.8668
-76.236817,38.712853,0.6581,0.1934,-0.0321,0.5542
-76.397701,38.028839,0.8315,0.0531,0.3897,0.8967
-76.253592,38.80527,0.2596,0.1474,0.4119,0.4946
-76.271194,38.33064,0.1003,0.2147,0.2648,0.688
-76.179575,38.360297,0.4046,0.2218,0.1944,0.5841
-76.216481,38.81152,0.7296,0.1433,-0.0142,0.5015
-76.212698,38.020978,0.1118,0.0598,0.2545,0.344
-76.18853,38.00326,0.7724,0.0497,-0.1859,0.4871
-76.370439,38.135286,0.1215,0.108,0.2486,0.2382
-76.148522,38.559174,0.4414,0.2413,-0.274,0.3916
-76.443745,38.494198,0.8001,0.2031,0.3482,0.5135
-76.013139,38.513123,0.709,0.1814,0.0284,0.386
-76.078284,38.72418,0.3731,0.1588,0.254,0.5682
-76.002486,38.667713,0.3362,0.1505,0.4582,0.5213
-76.049918,38.872829,0.3886,0.0884,0.4947,0.5463
-76.016805,38.809341,0.6311,0.1063,-0.1152,0.741
-76.246101,38.73651,0.6206,0.1817,0.5018,0.3415
-76.464367,38.060098,0.361,0.0553,0.2357,0.5544
-76.148893,38.231598,0.5545,0.1566,0.3141,0.6359
-76.013066,38.185128,0.8895,0.103,0.4297,0.834
-76.419028,38.945211,0.106,0.0619,-0.1416,0.6572
-76.295588,38.092817,0.345,0.0951,0.1588,0.4591
-76.066855,38.058504,0.4834,0.061,-0.0594,0.4233
-76.437043,38.66664,0.1129,0.1747,0.3545,0.2304
-76.351371,38.091668,0.2369,0.0896,0.5729,0.5915
-76.225025,38.755471,0.8272,0.1717,-0.2239,0.2069
-76.49288,38.451945,0.3118,0.1762,-0.0643,0.6261
-76.478447,38.667089,0.2014,0.1585,0.1451,0.4967
-76.212471,38.035839,0.4493,0.0672,-0.255,0.3989
-76.342869,38.975013,0.3477,0.058,-0.0693,0.7876
-76.474226,38.03902,0.5292,0.0437,0.3997,0.8378
-76.02405,38.272942,0.8235,0.1398,0.1299,0.7454
-76.237061,38.18246,0.316,0.1411,-0.1139,0.5355
-76.027409,38.620973,0.872,0.1733,0.3296,0.2884
-76.011266,38.842596,0.327,0.0912,0.0152,0.8633
-76.434354,38.988962,0.3921,0.0387,0.1369,0.7202
-76.284299,38.537679,0.6408,0.2745,0.1974,0.7168
-76.283348,38.507287,0.3666,0.2829,0.3269,0.8791
-76.452674,38.325371,0.8063,0.1662,0.4456,0.3569
-76.295723,38.114171,0.8541,0.1057,0.0248,0.731
-76.389799,38.764161,0.2726,0.1506,0.2,0.3491
-76.01282,38.796221,0.5594,0.1103,0.5506,0.8561
-76.401271,38.04764,0.2879,0.0615,0.2697,0.6088
-76.443681,38.991625,0.5048,0.0358,-0.1413,0.8454
-76.345964,38.375083,0.1463,0.2212,0.3397,0.2718
-76.435994,38.162403,0.8362,0.1073,-0.0768,0.3354
-76.482429,38.678459,0.2701,0.1535,0.2186,0.3997
-76.209439,38.990652,0.4081,0.0538,0.2585,0.527
-76.195557,38.548293,0.6392,0.2636,0.201,0.7493
-76.459531,38.644354,0.6851,0.1728,0.118,0.2663
-76.117423,38.918088,0.4159,0.0807,-0.1461,0.6251
-76.348502,38.031058,0.7936,0.0604,0.219,0.4004
-76.17109,38.016589,0.3016,0.0551,0.4414,0.7065
-76.232757,38.379294,0.3519,0.239,0.1498,0.4384
-76.302066,38.618777,0.3148,0.2352,0.5199,0.3123
-76.206227,38.249858,0.3264,0.173,-0.2812,0.3752
-76.133791,38.016545,0.3132,0.0514,0.1909,0.2264
-76.362039,38.20803,0.4811,0.1436,0.1318,0.4818
-76.140423,38.710247,0.2476,0.1815,-0.1965,0.5444
-76.047815,38.567178,0.8952,0.1935,0.5427,0.7122
-76.007898,38.423795,0.8531,0.1731,0.3194,0.8978
-76.449453,38.333466,0.765,0.1701,-0.2083,0.8072
-76.103605,38.070572,0.796,0.0732,0.3799,0.6823
-76.103545,38.316765,0.1519,0.1827,-0.1663,0.3862
-76.02868,38.612979,0.7803,0.1758,0.4624,0.3875
-76.360287,38.394368,0.478,0.2236,0.4298,0.5038
-76.434137,38.36698,0.6873,0.1864,0.0032,0.415
-76.306501,38.475336,0.5641,0.2692,-0.0024,0.809
-76.107131,38.578661,0.4881,0.2185,0.365,0.6856
-76.387416,38.522172,0.7296,0.2304,-0.122,0.6057
-76.17982,38.841254,0.2299,0.1258,0.329,0.4791
-76.488274,38.914538,0.7278,0.0609,-0.1316,0.7281
-76.017325,38.25535,0.623,0.1312,0.5319,0.7963
-76.276664,38.291644,0.5429,0.195,-0.2577,0.425
-76.319086,38.254151,0.3472,0.1723,-0.2016,0.5031
-76.096661,38.091663,0.4221,0.0819,-0.0813,0.5913
-76.3512,38.774449,0.1823,0.1537,-0.146,0.7343
-76.325333,38.778982,0.4777,0.1555,-0.2069,0.2241
-76.397099,38.79681,0.4252,0.1344,0.1135,0.5473
-76.346428,38.720358,0.1718,0.1797,0.4133,0.5151
-76.458948,38.431189,0.5385,0.19,0.0495,0.446
-76.172678,38.322601,0.5314,0.2032,0.4278,0.3529
-76.148411,38.028881,0.1456,0.059,0.5689,0.4383
-76.166416,38.121542,0.8909,0.1062,-0.2723,0.8033
-76.379514,38.665745,0.8272,0.1948,0.4105,0.5568
-76.022074,38.027242,0.6989,0.0376,0.3981,0.5091
-76.086131,38.691952,0.3469,0.1738,-0.2247,0.6912
-76.095582,38.288538,0.1161,0.1691,0.4466,0.5817
-76.068758,38.631235,0.5229,0.1881,0.242,0.634
-76.283875,38.031917,0.8426,0.0653,-0.2187,0.2561
-76.266051,38.290771,0.5776,0.1951,0.4081,0.4299
-76.342891,38.717366,0.2863,0.1818,0.3112,0.5967
-76.239005,38.794338,0.1883,0.1527,0.2949,0.4817
-76.441435,38.990625,0.2904,0.0367,0.2506,0.5652
-76.351509,38.817776,0.5857,0.1332,0.4817,0.5454
-76.158128,38.273854,0.6212,0.178,-0.0313,0.4254
-76.370599,38.247331,0.2124,0.16,0.3437,0.5507
-76.283375,38.29908,0.605,0.1982,0.2686,0.5022
-76.108007,38.376005,0.7235,0.2057,0.4847,0.8409
-76.296204,38.234311,0.6176,0.1652,0.0895,0.3847
-76.347381,38.98021,0.5742,0.055,-0.2512,0.5027
-76.018342,38.228602,0.7144,0.1216,0.5898,0.7195
-76.406574,38.208475,0.2693,0.1345,0.0422,0.6873
-76.309271,38.263615,0.2336,0.1781,-0.2634,0.2808
-76.350742,38.840585,0.1969,0.1224,0.25,0.6051
-76.070246,38.098556,0.5911,0.0801,-0.1324,0.6141
-76.116129,38.8478,0.5675,0.1137,0.1069,0.8117
-76.02272,38.30716,0.1309,0.151,-0.1932,0.3478
-76.319688,38.458837,0.6927,0.2595,-0.1133,0.6206
-76.269284,38.74522,0.8076,0.177,-0.2785,0.5792
-76.052497,38.003027,0.4823,0.0326,0.3759,0.6192
-76.305648,38.259604,0.674,0.1766,0.3758,0.5602
-76.276745,38.805814,0.7293,0.1465,-0.2795,0.2843
-76.37884,38.317705,0.3457,0.1884,0.2265,0.4436
-76.171936,38.498461,0.3457,0.261,0.0203,0.7636
-76.390597,38.737161,0.1089,0.1621,-0.1579,0.4224
-76.347068,38.088069,0.1376,0.0884,0.5322,0.7544
-76.469355,38.851413,0.5361,0.0929,-0.2353,0.8585
-76.013047,38.174002,0.6382,0.0985,0.4928,0.5415
-76.314791,38.690678,0.8533,0.1993,-0.1349,0.6008
-76.277187,38.083043,0.5722,0.0911,-0.0007,0.2266
-76.332116,38.110384,0.5269,0.1009,-0.2653,0.5355
-76.492088,38.623463,0.4919,0.1641,0.2717,0.3689
-76.220272,38.531297,0.8423,0.2784,0.4141,0.7327
-76.170296,38.954949,0.4567,0.0691,0.5679,0.7276
-76.284006,38.937876,0.4933,0.0804,0.4078,0.3781
-76.076387,38.298195,0.491,0.1669,-0.1623,0.4882
-76.408554,38.794732,0.81,0.1327,0.5165,0.8204
-76.191747,38.223187,0.8887,0.1586,0.3136,0.5293
-76.166397,38.037882,0.5099,0.0652,0.3209,0.2489
-76.06866,38.628093,0.2095,0.189,0.1351,0.4432
-76.410183,38.297819,0.5637,0.171,0.2863,0.8876
-76.24217,38.285709,0.4311,0.1928,0.2867,0.5299
-76.181949,38.511758,0.7167,0.2655,-0.1539,0.4543
-76.454038,38.313496,0.8519,0.1618,-0.2721,0.8535
-76.419516,38.888996,0.7687,0.0878,0.5474,0.6336
-76.071712,38.857463,0.4175,0.1003,0.3574,0.6429
-76.004981,38.425476,0.7408,0.1719,-0.2733,0.3877
-76.255646,38.578835,0.5702,0.2605,-0.2997,0.8217
-76.043025,38.184103,0.185,0.1112,-0.0674,0.8061
-76.125223,38.591254,0.2814,0.2227,0.1906,0.3794
-76.205949,38.330323,0.5586,0.2123,0.4551,0.2949
-76.420777,38.106005,0.6522,0.0853,0.2016,0.7619
-76.491261,38.550119,0.7078,0.1768,0.4944,0.5753
-76.053265,38.380159,0.8258,0.1848,0.5119,0.6524
-76.23472,38.240477,0.2719,0.17,0.0087,0.5793
-76.160632,38.568415,0.4412,0.2437,-0.0203,0.4922
-76.422647,38.627049,0.62,0.1928,-0.237,0.8327
-76.076555,38.541773,0.2135,0.2108,0.0873,0.6695
-76.238931,38.001978,0.2717,0.0509,-0.0654,0.5581
-76.497675,38.840907,0.6779,0.0893,0.417,0.3602
-76.426879,38.358499,0.47,0.1867,0.0501,0.7011
-76.413395,38.348686,0.6308,0.1887,0.586,0.7579
-76.172325,38.844402,0.7189,0.1235,0.3973,0.5326
-76.158151,38.042954,0.8614,0.0669,0.5879,0.8601
-76.444226,38.373228,0.2525,0.184,0.075,0.5817
-76.083826,38.221139,0.8468,0.1377,0.0907,0.762
-76.125431,38.353966,0.412,0.204,-0.1268,0.5787
-76.289877,38.654754,0.3172,0.2201,0.5287,0.6825
-76.032776,38.806064,0.8591,0.1123,-0.1283,0.2316
-76.244538,38.447905,0.8265,0.2738,0.4089,0.5138
-76.418536,38.05828,0.3083,0.0636,0.4216,0.5032
-76.161474,38.772545,0.4404,0.1567,0.3808,0.607
-76.370932,38.252238,0.1466,0.1622,0.437,0.8824
-76.234854,38.523388,0.8224,0.2861,0.0333,0.521
-76.347396,38.683484,0.7374,0.1961,0.222,0.5343
-76.052345,38.726252,0.3114,0.1498,0.4179,0.7212
-76.380059,38.28344,0.8288,0.1737,0.4743,0.2228
-76.147572,38.934992,0.4022,0.0766,0.4413,0.4104
-76.055295,38.71473,0.6679,0.1551,-0.087,0.7352
-76.192449,38.511606,0.2144,0.2706,0.5992,0.7867
-76.202822,38.609666,0.2977,0.2403,0.4215,0.5337
-76.028364,38.440689,0.8348,0.1853,0.1788,0.8243
-76.172006,38.273188,0.5358,0.1801,0.3938,0.568
-76.112293,38.65075,0.7778,0.1979,0.2566,0.5985
-76.316436,38.778617,0.6559,0.1568,-0.0413,0.8615
-76.332091,38.325997,0.5541,0.2038,0.4805,0.4182
-76.046002,38.159596,0.7317,0.1016,0.2733,0.4197
-76.481783,38.06859,0.7798,0.0551,-0.1143,0.3373
-76.244383,38.453134,0.6993,0.2764,-0.2187,0.3616
-76.450825,38.978836,0.8272,0.0404,0.2794,0.7539
-76.159529,38.396092,0.4465,0.2311,0.3375,0.8917
-76.026135,38.578762,0.614,0.1813,0.2004,0.8947
-76.457462,38.675641,0.2353,0.1641,0.3775,0.4275
-76.368351,38.804993,0.5136,0.1364,0.0376,0.8014
-76.143382,38.717012,0.148,0.1791,-0.2306,0.6114
-76.333363,38.327635,0.3995,0.2043,0.5873,0.8375
-76.439289,38.145407,0.258,0.099,0.5425,0.45
-76.252192,38.809212,0.1578,0.1454,0.183,0.7792
-76.08913,38.468104,0.1751,0.218,-0.0938,0.6082
-76.443378,38.144839,0.6291,0.0978,-0.2077,0.551
-76.045374,38.285091,0.2159,0.1516,-0.1213,0.8235
-76.351775,38.355505,0.1302,0.2116,0.1211,0.3758
-76.167426,38.680387,0.5559,0.2008,-0.1112,0.8116
-76.18268,38.294182,0.4201,0.1917,0.3491,0.6008
-76.431601,38.649904,0.6803,0.1823,0.5841,0.8748
-76.494541,38.641418,0.3489,0.1588,0.5956,0.3877
-76.005939,38.816824,0.2315,0.1,0.3125,0.3888
-76.157378,38.621659,0.8559,0.2235,0.2012,0.7071
-76.488816,38.636774,0.6627,0.1624,0.209,0.3942
-76.26829,38.100262,0.7251,0.0999,-0.015,0.7302
-76.42614,38.134756,0.6004,0.0973,0.0522,0.4173
-76.204991,38.806287,0.1663,0.1452,0.1408,0.6501
-76.014118,38.244912,0.6361,0.1263,0.3986,0.8837
-76.338534,38.816737,0.6837,0.1356,0.3152,0.3143
-76.483631,38.618068,0.1343,0.1691,0.5664,0.4542
-76.182928,38.552275,0.4514,0.2575,0.4851,0.6922
-76.12041,38.292305,0.8832,0.1776,0.184,0.5206
-76.043177,38.232058,0.4903,0.1308,-0.2322,0.7435
-76.435155,38.782695,0.4433,0.131,-0.2221,0.8886
-76.169911,38.075751,0.5484,0.0841,0.2557,0.8322
-76.250221,38.697195,0.6425,0.2014,-0.2774,0.5532
-76.374438,38.443042,0.623,0.2316,0.3641,0.2185
-76.337615,38.879122,0.4899,0.1054,-0.0699,0.2772
-76.319167,38.529522,0.4462,0.2624,0.4598,0.3413
-76.314042,38.736061,0.2796,0.1777,-0.2133,0.7012
-76.291857,38.42029,0.8616,0.255,0.4627,0.294
-76.329029,38.689633,0.6265,0.1973,-0.0758,0.7208
-76.37359,38.420458,0.4914,0.2265,0.1659,0.293
-76.481874,38.051418,0.6449,0.0475,-0.2406,0.5261
-76.33695,38.281016,0.1638,0.1822,-0.027,0.6669
-76.077053,38.048426,0.6065,0.0582,-0.0187,0.2361
-76.199463,38.885417,0.4113,0.1056,-0.2438,0.7725
-76.008943,38.640881,0.3962,0.1604,0.2424,0.4597
-76.382853,38.419904,0.3181,0.2224,0.119,0.2121
-76.03303,38.267588,0.7398,0.141,0.0079,0.3421
-76.337567,38.049171,0.2821,0.0704,-0.0716,0.2426
-76.18041,38.908736,0.8292,0.0927,-0.0623,0.5009
-76.296811,38.914691,0.6133,0.0913,0.3334,0.6932
-76.015906,38.26025,0.4119,0.1325,0.2771,0.8172
-76.480257,38.119075,0.7442,0.0774,0.4934,0.4046
-76.432724,38.535557,0.3132,0.2069,-0.1499,0.3175
-76.022323,38.82895,0.7329,0.1,0.0802,0.5432
-76.409041,38.717808,0.6511,0.1652,-0.173,0.5955
-76.13391,38.766783,0.6786,0.1545,0.1729,0.2695
-76.223164,38.317968,0.6281,0.208,0.4253,0.2676
-76.421319,38.335089,0.7439,0.1811,0.1976,0.2102
-76.286308,38.365981,0.2182,0.2306,-0.2456,0.5334
-76.193701,38.2765,0.2057,0.1848,0.1215,0.5079
-76.243923,38.770052,0.6775,0.1649,0.3926,0.7948
-76.153684,38.498378,0.2359,0.2518,0.5534,0.69
-76.280724,38.417096,0.3464,0.2558,0.3131,0.4432
-76.458913,38.358862,0.5148,0.1739,0.5278,0.4723
-76.389078,38.328964,0.6223,0.1898,-0.2387,0.7521
-76.228116,38.461199,0.8423,0.2777,0.48,0.2711
-76.341298,38.314062,0.3955,0.1964,0.4178,0.3811
-76.489621,38.863616,0.8955,0.0823,0.0267,0.4655
-76.255595,38.887487,0.4061,0.1062,-0.1517,0.6715
-76.284755,38.160173,0.4535,0.1292,0.4296,0.5635
-76.286945,38.810436,0.1618,0.1437,0.0956,0.5728
-76.333755,38.718959,0.897,0.1828,0.538,0.6045
-76.31984,38.927864,0.4873,0.0832,0.3111,0.2306
-76.163801,38.296987,0.168,0.1897,-0.0596,0.5784
-76.266481,38.554457,0.7312,0.2716,0.464,0.4306
-76.401337,38.003811,0.186,0.0406,-0.1876,0.5626
-76.18861,38.338809,0.3135,0.2138,0.2433,0.4538
-76.209908,38.58664,0.1324,0.2523,0.0837,0.5403
-76.173081,38.401756,0.6267,0.2376,0.1233,0.6253
-76.10071,38.260799,0.8968,0.159,-0.2872,0.2908
-76.476855,38.689768,0.4438,0.1521,0.1918,0.6757
-76.363695,38.000492,0.5945,0.0439,0.1754,0.2865
-76.141587,38.323702,0.121,0.1965,0.4042,0.8236
-76.241829,38.867803,0.3067,0.1161,0.4837,0.3106
-76.163454,38.649133,0.5524,0.2138,0.3521,0.336
-76.101842,38.663463,0.4105,0.1897,0.4968,0.3229
-76.190662,38.174464,0.1006,0.1346,0.2298,0.5862
-76.092808,38.725779,0.7805,0.1624,0.0996,0.8026
-76.098812,38.306563,0.1409,0.1772,-0.0705,0.4767
-76.431372,38.415614,0.7749,0.2,-0.1477,0.6664
-76.155998,38.451502,0.7309,0.2471,0.0887,0.3734
-76.044188,38.091439,0.4509,0.0713,0.4882,0.4907
-76.178862,38.964253,0.7395,0.0652,0.0439,0.4922
-76.274832,38.332141,0.3349,0.2152,-0.0558,0.4853
-76.196341,38.370471,0.8103,0.2299,-0.1731,0.5044
-76.008439,38.675003,0.3133,0.1509,0.576,0.2716
-76.01558,38.405626,0.3671,0.1736,-0.2284,0.3631
-76.084981,38.903262,0.3541,0.0821,0.2424,0.3497
-76.103646,38.095369,0.2088,0.0849,-0.1768,0.4073
-76.299595,38.591102,0.6201,0.2481,-0.1652,0.7707
-76.055965,38.690795,0.4054,0.1639,-0.2419,0.3119
-76.490545,38.276862,0.8072,0.1359,0.2859,0.4241
-76.348104,38.75855,0.379,0.1617,-0.279,0.8371
-76.233483,38.31042,0.3625,0.2049,-0.2647,0.6819
-76.148899,38.518215,0.5978,0.2486,0.0864,0.2987
-76.271595,38.127109,0.7565,0.1132,0.4427,0.5566
-76.229166,38.592211,0.2456,0.2527,0.4181,0.7533
-76.418771,38.516726,0.8651,0.2152,-0.0368,0.3995
-76.436519,38.377293,0.5354,0.1884,-0.2113,0.5072
-76.454087,38.494162,0.5543,0.1979,0.0248,0.3749
-76.193166,38.890986,0.864,0.1025,0.1932,0.7703
-76.050408,38.580573,0.7459,0.1924,0.3226,0.5157
-76.342868,38.868826,0.3761,0.1098,0.4199,0.7246
-76.448268,38.786745,0.7986,0.1257,0.2351,0.5692
-76.036458,38.165684,0.2633,0.1017,0.1186,0.4962
-76.456985,38.639109,0.5272,0.1753,-0.04,0.3995
-76.012192,38.325534,0.7006,0.1525,-0.2581,0.6011
-76.083114,38.258904,0.3775,0.1534,0.3129,0.6229
